
INSERT INTO users (user_id, username, user_coin, start_date, end_date, disease_id) VALUES
(1, '최고의어린이', 1000, NULL, NULL, NULL),
(2, '피크닉을 하자', 1000, NULL, NULL, NULL),
(3, '매일 3시 45분에 우는 사람', 1000, NULL, NULL, NULL),
(4, '소확행러', 500, NULL, NULL, NULL),
(5, '아기상어엄마', 200, NULL, NULL, NULL),
(6, '은근한행복', 800, NULL, NULL, NULL);


INSERT INTO board (board_id, user_id, title, content, category, date_time) VALUES
(1, 1, '기특한 일이 있었어요', '우리집 어린이가 어린이집에서 과자 만들기 체험을 하고 왔어요.\n엄마한테 주겠다고 고사리같은 손으로 들고 오는 게 왜 이리 예쁜지..^^\n꼬맹이 다 컸다?', 'FREE', NOW()),
(2, 2, '매일매일 피크닉 챌린지 473', '오늘로 473일 연속 피크닉!\n오늘은 가스버너를 챙겨와서 짜글이를 끓였어요', 'TOTAL', NOW()),
(3, 3, '흑', '흑흑\n흑흑흑\n흑흑흑흑흑', 'TOTAL', NOW()),
(4, 4, '작지만 확실한 행복', '오늘은 편의점에서 1+1 커피를 샀어요.\n햇살 좋은 벤치에서 혼자 마시는 커피 한 잔, 이게 행복이죠.', 'TOTAL', NOW()),
(5, 5, '아기상어 중독!', '아기가 요즘 아기상어 노래에 빠졌어요~\n하루 종일 ''뚜루루뚜루~'' 흥얼대는 모습이 너무 귀여워요ㅎㅎ', 'TOTAL', NOW()),
(6, 6, '빗소리와 차', '비 오는 날 창문 열어두고 듣는 빗소리에 차 한 잔.\n그냥 그게 참 좋네요.', 'TOTAL', NOW());

INSERT INTO comment (comment_id, board_id, user_id, content, date_time) VALUES
(1, 1, 4, '헐~~ 지존 짱이네요', NOW()),
(2, 1, 6, '기분 좋은 글이네요. 장미 한 송이 두고 갑니다. 총총\n@>----', NOW());

INSERT INTO board (board_id, user_id, title, content, category, date_time) VALUES
(7, 1, '병원에서 들은 꿀팁 공유해요', '최근 아이가 열이 나서 병원에 다녀왔어요. 선생님이 알려주신 대처법이 큰 도움이 되었답니다! 공유해요.', 'INFO', NOW()),
(8, 6, '독감 주사 맞았어요', '최근 아이가 열이 나서 병원에 다녀왔어요. 선생님이 알려주신 대처법이 큰 도움이 되었답니다! 공유해요.', 'INFO', NOW()),
(9, 5, '소아과 의사 추천해요', '최근 아이가 열이 나서 병원에 다녀왔어요. 선생님이 알려주신 대처법이 큰 도움이 되었답니다! 공유해요.', 'INFO', NOW()),
(10, 5, '병원 예약 꿀팁', '최근 아이가 열이 나서 병원에 다녀왔어요. 선생님이 알려주신 대처법이 큰 도움이 되었답니다! 공유해요.', 'INFO', NOW()),
(11, 4, '감기약 복용법 질문', '최근 아이가 열이 나서 병원에 다녀왔어요. 선생님이 알려주신 대처법이 큰 도움이 되었답니다! 공유해요.', 'INFO', NOW()),
(12, 2, '열 날 때 대처법', '최근 아이가 열이 나서 병원에 다녀왔어요. 선생님이 알려주신 대처법이 큰 도움이 되었답니다! 공유해요.', 'INFO', NOW()),
(13, 6, '아기 예방접종 스케줄', '최근 아이가 열이 나서 병원에 다녀왔어요. 선생님이 알려주신 대처법이 큰 도움이 되었답니다! 공유해요.', 'INFO', NOW()),
(14, 1, '비타민 D 얼마나 필요할까요?', '최근 아이가 열이 나서 병원에 다녀왔어요. 선생님이 알려주신 대처법이 큰 도움이 되었답니다! 공유해요.', 'INFO', NOW()),
(15, 2, '아이 피부염엔?', '최근 아이가 열이 나서 병원에 다녀왔어요. 선생님이 알려주신 대처법이 큰 도움이 되었답니다! 공유해요.', 'INFO', NOW()),
(16, 3, '중이염 치료 경험', '최근 아이가 열이 나서 병원에 다녀왔어요. 선생님이 알려주신 대처법이 큰 도움이 되었답니다! 공유해요.', 'INFO', NOW()),
(17, 1, '병원 가는 날은 왜 힘들까요', '최근 아이가 열이 나서 병원에 다녀왔어요. 선생님이 알려주신 대처법이 큰 도움이 되었답니다! 공유해요.', 'INFO', NOW()),
(18, 6, '신뢰하는 약국 추천', '최근 아이가 열이 나서 병원에 다녀왔어요. 선생님이 알려주신 대처법이 큰 도움이 되었답니다! 공유해요.', 'INFO', NOW()),
(19, 5, '아토피에 좋은 음식', '최근 아이가 열이 나서 병원에 다녀왔어요. 선생님이 알려주신 대처법이 큰 도움이 되었답니다! 공유해요.', 'INFO', NOW()),
(20, 2, '소화 잘되는 식단', '최근 아이가 열이 나서 병원에 다녀왔어요. 선생님이 알려주신 대처법이 큰 도움이 되었답니다! 공유해요.', 'INFO', NOW()),
(21, 6, '이비인후과 진료기', '최근 아이가 열이 나서 병원에 다녀왔어요. 선생님이 알려주신 대처법이 큰 도움이 되었답니다! 공유해요.', 'INFO', NOW()),
(22, 6, '오늘 하루 어땠나요?', '오늘 하루가 길었네요. 다들 어떻게 보내셨어요? 좋은 하루였기를 바랍니다!', 'QNA', NOW()),
(23, 2, '아이랑 공원 다녀왔어요', '오늘 하루가 길었네요. 다들 어떻게 보내셨어요? 좋은 하루였기를 바랍니다!', 'QNA', NOW()),
(24, 6, '점심 뭐 드셨어요?', '오늘 하루가 길었네요. 다들 어떻게 보내셨어요? 좋은 하루였기를 바랍니다!', 'QNA', NOW()),
(25, 6, '산책 좋아하시나요?', '오늘 하루가 길었네요. 다들 어떻게 보내셨어요? 좋은 하루였기를 바랍니다!', 'QNA', NOW()),
(26, 2, '좋아하는 계절은?', '오늘 하루가 길었네요. 다들 어떻게 보내셨어요? 좋은 하루였기를 바랍니다!', 'QNA', NOW()),
(27, 2, '하루 루틴 공유해요', '오늘 하루가 길었네요. 다들 어떻게 보내셨어요? 좋은 하루였기를 바랍니다!', 'QNA', NOW()),
(28, 1, '아침형 인간이신가요?', '오늘 하루가 길었네요. 다들 어떻게 보내셨어요? 좋은 하루였기를 바랍니다!', 'QNA', NOW()),
(29, 3, '요즘 뭐에 빠져 계세요?', '오늘 하루가 길었네요. 다들 어떻게 보내셨어요? 좋은 하루였기를 바랍니다!', 'QNA', NOW()),
(30, 2, '집안일 꿀팁', '오늘 하루가 길었네요. 다들 어떻게 보내셨어요? 좋은 하루였기를 바랍니다!', 'QNA', NOW()),
(31, 3, '운동 루틴 추천해주세요', '오늘 하루가 길었네요. 다들 어떻게 보내셨어요? 좋은 하루였기를 바랍니다!', 'QNA', NOW()),
(32, 3, '하루에 물 얼마나 드세요?', '오늘 하루가 길었네요. 다들 어떻게 보내셨어요? 좋은 하루였기를 바랍니다!', 'QNA', NOW()),
(33, 6, '좋아하는 간식은?', '오늘 하루가 길었네요. 다들 어떻게 보내셨어요? 좋은 하루였기를 바랍니다!', 'QNA', NOW()),
(34, 6, '스트레스 푸는 방법', '오늘 하루가 길었네요. 다들 어떻게 보내셨어요? 좋은 하루였기를 바랍니다!', 'QNA', NOW()),
(35, 6, '잠 안 올 땐?', '오늘 하루가 길었네요. 다들 어떻게 보내셨어요? 좋은 하루였기를 바랍니다!', 'QNA', NOW()),
(36, 5, '혼자만의 시간 보내는 법', '오늘 하루가 길었네요. 다들 어떻게 보내셨어요? 좋은 하루였기를 바랍니다!', 'QNA', NOW()),
(37, 1, '기분이 좋아요', '그냥 기분이 좋아서 글 남겨요. 모두 따뜻한 하루 보내세요 :)', 'FREE', NOW()),
(38, 3, '오늘 하늘이 예쁘네요', '그냥 기분이 좋아서 글 남겨요. 모두 따뜻한 하루 보내세요 :)', 'FREE', NOW()),
(39, 4, '간식 추천해요!', '그냥 기분이 좋아서 글 남겨요. 모두 따뜻한 하루 보내세요 :)', 'FREE', NOW()),
(40, 2, '책 한 권 읽었어요', '그냥 기분이 좋아서 글 남겨요. 모두 따뜻한 하루 보내세요 :)', 'FREE', NOW()),
(41, 5, '좋은 말 나눠요', '그냥 기분이 좋아서 글 남겨요. 모두 따뜻한 하루 보내세요 :)', 'FREE', NOW()),
(42, 4, '하루의 끝에서', '그냥 기분이 좋아서 글 남겨요. 모두 따뜻한 하루 보내세요 :)', 'FREE', NOW()),
(43, 5, '강아지 산책하다 만난 고양이', '그냥 기분이 좋아서 글 남겨요. 모두 따뜻한 하루 보내세요 :)', 'FREE', NOW()),
(44, 2, '감성 충전 중', '그냥 기분이 좋아서 글 남겨요. 모두 따뜻한 하루 보내세요 :)', 'FREE', NOW()),
(45, 5, '힐링이 필요해요', '그냥 기분이 좋아서 글 남겨요. 모두 따뜻한 하루 보내세요 :)', 'FREE', NOW()),
(46, 2, '따뜻한 차 한 잔', '그냥 기분이 좋아서 글 남겨요. 모두 따뜻한 하루 보내세요 :)', 'FREE', NOW()),
(47, 6, '운 좋았던 날', '그냥 기분이 좋아서 글 남겨요. 모두 따뜻한 하루 보내세요 :)', 'FREE', NOW()),
(48, 6, '그림 그리고 있어요', '그냥 기분이 좋아서 글 남겨요. 모두 따뜻한 하루 보내세요 :)', 'FREE', NOW()),
(49, 4, '귀여운 일화 공유', '그냥 기분이 좋아서 글 남겨요. 모두 따뜻한 하루 보내세요 :)', 'FREE', NOW()),
(50, 4, '마음이 몽글몽글', '그냥 기분이 좋아서 글 남겨요. 모두 따뜻한 하루 보내세요 :)', 'FREE', NOW()),
(51, 5, '빗소리 들으며 글 남겨요', '그냥 기분이 좋아서 글 남겨요. 모두 따뜻한 하루 보내세요 :)', 'FREE', NOW());

INSERT INTO comment (comment_id, board_id, user_id, content, date_time) VALUES
(3, 7, 3, '좋은 글이네요!', NOW()),
(4, 7, 4, '응원해요~', NOW()),
(5, 7, 1, '공감합니다.', NOW()),
(6, 7, 6, '공감합니다.', NOW()),
(7, 7, 2, '감사해요!', NOW()),
(8, 8, 1, '감사해요!', NOW()),
(9, 8, 4, '공감합니다.', NOW()),
(10, 8, 2, '감사해요!', NOW()),
(11, 9, 4, '공감합니다.', NOW()),
(12, 9, 6, '좋은 글이네요!', NOW()),
(13, 9, 2, '힘내세요!', NOW()),
(14, 10, 3, '좋은 글이네요!', NOW()),
(15, 10, 1, '감사해요!', NOW()),
(16, 10, 4, '힘내세요!', NOW()),
(17, 11, 4, '공감합니다.', NOW()),
(18, 11, 3, '감사해요!', NOW()),
(19, 11, 5, '응원해요~', NOW()),
(20, 11, 2, '힘내세요!', NOW()),
(21, 12, 5, '공감합니다.', NOW()),
(22, 12, 1, '좋은 글이네요!', NOW()),
(23, 12, 4, '응원해요~', NOW()),
(24, 13, 6, '감사해요!', NOW()),
(25, 13, 1, '응원해요~', NOW()),
(26, 13, 2, '좋은 글이네요!', NOW()),
(27, 13, 4, '좋은 글이네요!', NOW()),
(28, 13, 5, '공감합니다.', NOW()),
(29, 14, 5, '좋은 글이네요!', NOW()),
(30, 14, 1, '힘내세요!', NOW()),
(31, 14, 2, '감사해요!', NOW()),
(32, 14, 4, '감사해요!', NOW()),
(33, 15, 5, '감사해요!', NOW()),
(34, 15, 6, '감사해요!', NOW()),
(35, 15, 1, '감사해요!', NOW()),
(36, 15, 3, '응원해요~', NOW()),
(37, 16, 6, '응원해요~', NOW()),
(38, 16, 5, '좋은 글이네요!', NOW()),
(39, 16, 4, '공감합니다.', NOW()),
(40, 16, 1, '공감합니다.', NOW()),
(41, 16, 2, '힘내세요!', NOW()),
(42, 17, 5, '공감합니다.', NOW()),
(43, 17, 2, '감사해요!', NOW()),
(44, 17, 4, '힘내세요!', NOW()),
(45, 18, 5, '감사해요!', NOW()),
(46, 18, 6, '감사해요!', NOW()),
(47, 18, 1, '공감합니다.', NOW()),
(48, 18, 2, '공감합니다.', NOW()),
(49, 19, 6, '힘내세요!', NOW()),
(50, 19, 3, '감사해요!', NOW()),
(51, 19, 2, '감사해요!', NOW()),
(52, 20, 1, '좋은 글이네요!', NOW()),
(53, 20, 5, '감사해요!', NOW()),
(54, 20, 6, '응원해요~', NOW()),
(55, 21, 6, '힘내세요!', NOW()),
(56, 21, 5, '힘내세요!', NOW()),
(57, 21, 4, '힘내세요!', NOW()),
(58, 21, 3, '좋은 글이네요!', NOW()),
(59, 22, 3, '감사해요!', NOW()),
(60, 22, 1, '좋은 글이네요!', NOW()),
(61, 22, 6, '좋은 글이네요!', NOW()),
(62, 22, 2, '공감합니다.', NOW()),
(63, 23, 2, '응원해요~', NOW()),
(64, 23, 3, '공감합니다.', NOW()),
(65, 23, 5, '응원해요~', NOW()),
(66, 24, 2, '좋은 글이네요!', NOW()),
(67, 24, 4, '공감합니다.', NOW()),
(68, 24, 1, '감사해요!', NOW()),
(69, 25, 1, '좋은 글이네요!', NOW()),
(70, 25, 3, '힘내세요!', NOW()),
(71, 25, 2, '힘내세요!', NOW()),
(72, 25, 4, '감사해요!', NOW()),
(73, 25, 6, '감사해요!', NOW()),
(74, 26, 2, '공감합니다.', NOW()),
(75, 26, 5, '좋은 글이네요!', NOW()),
(76, 26, 1, '힘내세요!', NOW()),
(77, 27, 3, '힘내세요!', NOW()),
(78, 27, 5, '공감합니다.', NOW()),
(79, 27, 2, '좋은 글이네요!', NOW()),
(80, 28, 6, '힘내세요!', NOW()),
(81, 28, 4, '힘내세요!', NOW()),
(82, 28, 2, '좋은 글이네요!', NOW()),
(83, 29, 1, '힘내세요!', NOW()),
(84, 29, 3, '감사해요!', NOW()),
(85, 29, 4, '힘내세요!', NOW()),
(86, 29, 5, '좋은 글이네요!', NOW()),
(87, 30, 4, '응원해요~', NOW()),
(88, 30, 5, '공감합니다.', NOW()),
(89, 30, 2, '감사해요!', NOW()),
(90, 30, 3, '공감합니다.', NOW()),
(91, 31, 3, '공감합니다.', NOW()),
(92, 31, 1, '응원해요~', NOW()),
(93, 31, 4, '공감합니다.', NOW()),
(94, 31, 2, '공감합니다.', NOW()),
(95, 31, 5, '힘내세요!', NOW()),
(96, 32, 6, '응원해요~', NOW()),
(97, 32, 4, '응원해요~', NOW()),
(98, 32, 2, '힘내세요!', NOW()),
(99, 32, 1, '공감합니다.', NOW()),
(100, 32, 5, '공감합니다.', NOW()),
(101, 33, 1, '힘내세요!', NOW()),
(102, 33, 2, '감사해요!', NOW()),
(103, 33, 6, '힘내세요!', NOW()),
(104, 33, 5, '좋은 글이네요!', NOW()),
(105, 34, 3, '힘내세요!', NOW()),
(106, 34, 5, '좋은 글이네요!', NOW()),
(107, 34, 4, '감사해요!', NOW()),
(108, 34, 2, '감사해요!', NOW()),
(109, 35, 1, '감사해요!', NOW()),
(110, 35, 3, '응원해요~', NOW()),
(111, 35, 6, '공감합니다.', NOW()),
(112, 35, 5, '좋은 글이네요!', NOW()),
(113, 35, 4, '힘내세요!', NOW()),
(114, 36, 1, '공감합니다.', NOW()),
(115, 36, 3, '좋은 글이네요!', NOW()),
(116, 36, 2, '힘내세요!', NOW()),
(117, 37, 5, '힘내세요!', NOW()),
(118, 37, 1, '응원해요~', NOW()),
(119, 37, 6, '좋은 글이네요!', NOW()),
(120, 38, 1, '힘내세요!', NOW()),
(121, 38, 5, '공감합니다.', NOW()),
(122, 38, 6, '힘내세요!', NOW()),
(123, 38, 2, '힘내세요!', NOW()),
(124, 38, 3, '좋은 글이네요!', NOW()),
(125, 39, 3, '힘내세요!', NOW()),
(126, 39, 1, '공감합니다.', NOW()),
(127, 39, 6, '공감합니다.', NOW()),
(128, 39, 5, '응원해요~', NOW()),
(129, 40, 4, '응원해요~', NOW()),
(130, 40, 2, '좋은 글이네요!', NOW()),
(131, 40, 1, '응원해요~', NOW()),
(132, 41, 1, '감사해요!', NOW()),
(133, 41, 6, '좋은 글이네요!', NOW()),
(134, 41, 2, '힘내세요!', NOW()),
(135, 41, 3, '감사해요!', NOW()),
(136, 41, 5, '감사해요!', NOW()),
(137, 42, 6, '좋은 글이네요!', NOW()),
(138, 42, 2, '힘내세요!', NOW()),
(139, 42, 1, '감사해요!', NOW()),
(140, 43, 3, '감사해요!', NOW()),
(141, 43, 4, '힘내세요!', NOW()),
(142, 43, 6, '공감합니다.', NOW()),
(143, 43, 1, '공감합니다.', NOW()),
(144, 44, 6, '감사해요!', NOW()),
(145, 44, 3, '좋은 글이네요!', NOW()),
(146, 44, 1, '좋은 글이네요!', NOW()),
(147, 44, 2, '공감합니다.', NOW()),
(148, 45, 5, '좋은 글이네요!', NOW()),
(149, 45, 6, '감사해요!', NOW()),
(150, 45, 3, '감사해요!', NOW()),
(151, 45, 1, '응원해요~', NOW()),
(152, 46, 2, '좋은 글이네요!', NOW()),
(153, 46, 3, '응원해요~', NOW()),
(154, 46, 6, '공감합니다.', NOW()),
(155, 46, 1, '좋은 글이네요!', NOW()),
(156, 47, 6, '힘내세요!', NOW()),
(157, 47, 2, '힘내세요!', NOW()),
(158, 47, 3, '감사해요!', NOW()),
(159, 48, 2, '공감합니다.', NOW()),
(160, 48, 6, '응원해요~', NOW()),
(161, 48, 3, '힘내세요!', NOW()),
(162, 48, 4, '좋은 글이네요!', NOW()),
(163, 48, 1, '응원해요~', NOW()),
(164, 49, 2, '감사해요!', NOW()),
(165, 49, 3, '공감합니다.', NOW()),
(166, 49, 5, '힘내세요!', NOW()),
(167, 49, 4, '감사해요!', NOW()),
(168, 49, 1, '감사해요!', NOW()),
(169, 50, 5, '힘내세요!', NOW()),
(170, 50, 6, '힘내세요!', NOW()),
(171, 50, 3, '좋은 글이네요!', NOW()),
(172, 50, 4, '감사해요!', NOW()),
(173, 51, 5, '응원해요~', NOW()),
(174, 51, 4, '응원해요~', NOW()),
(175, 51, 3, '좋은 글이네요!', NOW()),
(176, 51, 6, '공감합니다.', NOW());